"image","link","publishedAt","rssLink","source","title"
"https://s.rfi.fr/media/display/b9d77072-1341-11ea-9950-005056bf7c53/w:1280/p:16x9/senegal_2_0.jpg","https://www.rfi.fr/fr/afrique/20190315-senegal-le-marche-petersen-reduit-cendres-incendie","2019-03-15T07:00:00.000Z","https://news.google.com/rss/articles/CBMiWWh0dHBzOi8vd3d3LnJmaS5mci9mci9hZnJpcXVlLzIwMTkwMzE1LXNlbmVnYWwtbGUtbWFyY2hlLXBldGVyc2VuLXJlZHVpdC1jZW5kcmVzLWluY2VuZGll0gEA?oc=5","RFI","Sénégal: le marché Petersen réduit en cendres par un incendie"
"https://senego.com/wp-content/uploads/2023/09/capture-6.png","https://senego.com/incendie-a-mont-bouet-de-libreville-letat-soutient-les-commercants-senegalais-avec-142-millions-f-cfa_1602236.html","2023-09-24T07:00:00.000Z","https://news.google.com/rss/articles/CBMihQFodHRwczovL3NlbmVnby5jb20vaW5jZW5kaWUtYS1tb250LWJvdWV0LWRlLWxpYnJldmlsbGUtbGV0YXQtc291dGllbnQtbGVzLWNvbW1lcmNhbnRzLXNlbmVnYWxhaXMtYXZlYy0xNDItbWlsbGlvbnMtZi1jZmFfMTYwMjIzNi5odG1s0gEA?oc=5","Senego.com","Incendie à Mont Bouet de Libreville: L'Etat soutient les commerçants sénégalais avec 142 millions F Cfa"
"https://senegal7.com/wp-content/uploads/2019/03/5c0b059c197724308ae058ef9e2a0165.jpg","https://senegal7.com/kaolack-le-marche-prend-encore-feu/","2023-05-22T07:00:00.000Z","https://news.google.com/rss/articles/CBMiOGh0dHBzOi8vc2VuZWdhbDcuY29tL2thb2xhY2stbGUtbWFyY2hlLXByZW5kLWVuY29yZS1mZXUv0gEA?oc=5","Senegal7","Kaolack : Le marché prend encore feu"
"https://senego.com/wp-content/uploads/2023/08/Le-ministre-du-Commerce-du-Senegal-fustige-le-manque-dorganisation-dans-les-marches-apres-un-incendie-a-Tambacounda_thumbnail.jpg","https://senego.com/le-ministre-du-commerce-du-senegal-fustige-le-manque-dorganisation-dans-les-marches-apres-un-incendie-a-tambacounda_1590495.html","2023-08-29T07:00:00.000Z","https://news.google.com/rss/articles/CBMikwFodHRwczovL3NlbmVnby5jb20vbGUtbWluaXN0cmUtZHUtY29tbWVyY2UtZHUtc2VuZWdhbC1mdXN0aWdlLWxlLW1hbnF1ZS1kb3JnYW5pc2F0aW9uLWRhbnMtbGVzLW1hcmNoZXMtYXByZXMtdW4taW5jZW5kaWUtYS10YW1iYWNvdW5kYV8xNTkwNDk1Lmh0bWzSAQA?oc=5","Senego.com","Le ministre du Commerce du Sénégal fustige le manque d'organisation dans les marchés après un incendie à ..."
"https://www.seneplus.com/sites/default/files/raw_photos/7cf0a093e20472e4db286d70586e2bc92ffd38c4.jpg","https://www.seneplus.com/opinions/nos-marches-flambent-pourquoi","2023-01-30T08:00:00.000Z","https://news.google.com/rss/articles/CBMiP2h0dHBzOi8vd3d3LnNlbmVwbHVzLmNvbS9vcGluaW9ucy9ub3MtbWFyY2hlcy1mbGFtYmVudC1wb3VycXVvadIBAA?oc=5","seneplus.com","NOS MARCHES FLAMBENT, POURQUOI ?"
,"https://www.msn.com/fr-xl/afrique-de-l-ouest/senegal-actualite/senegal-divers-k%C3%A9dougou-un-incendie-au-march%C3%A9-central/ar-BB1iw8jo","2024-02-19T14:25:22.000Z","https://news.google.com/rss/articles/CBMiigFodHRwczovL3d3dy5tc24uY29tL2ZyLXhsL2FmcmlxdWUtZGUtbC1vdWVzdC9zZW5lZ2FsLWFjdHVhbGl0ZS9zZW5lZ2FsLWRpdmVycy1rJUMzJUE5ZG91Z291LXVuLWluY2VuZGllLWF1LW1hcmNoJUMzJUE5LWNlbnRyYWwvYXItQkIxaXc4am_SAQA?oc=5","MSN","SENEGAL-DIVERS / Kédougou : un incendie au marché central"
"https://senegal7.com/wp-content/uploads/2023/07/FEU.gif","https://senegal7.com/9incendi-pikine-les-flammes-emportent-tout/","2023-07-07T07:00:00.000Z","https://news.google.com/rss/articles/CBMiQGh0dHBzOi8vc2VuZWdhbDcuY29tLzlpbmNlbmRpLXBpa2luZS1sZXMtZmxhbW1lcy1lbXBvcnRlbnQtdG91dC_SAQA?oc=5","Senegal7","Incendi-Pikine: Les flammes emportent tout"
"https://aps.sn/wp-content/uploads/2023/11/incendimarchekaolack.webp","https://aps.sn/un-incendie-ravage-quatre-cantines-au-marche-central-de-kaolack/","2023-11-12T08:00:00.000Z","https://news.google.com/rss/articles/CBMiT2h0dHBzOi8vYXBzLnNuL3VuLWluY2VuZGllLXJhdmFnZS1xdWF0cmUtY2FudGluZXMtYXUtbWFyY2hlLWNlbnRyYWwtZGUta2FvbGFjay_SAQA?oc=5","AP Sénégalaise","SENEGAL-COMMERCE-SINISTRE / Un incendie ravage quatre cantines au marché central de Kaolack - Agence de ..."
"https://www.senenews.com/wp-content/uploads/2023/08/img_5808-600x314-watermarked.jpeg","https://www.senenews.com/actualites/les-terribles-images-de-lincendie-au-marche-central-de-tambacounda-photos_455269.html","2023-08-19T07:00:00.000Z","https://news.google.com/rss/articles/CBMieWh0dHBzOi8vd3d3LnNlbmVuZXdzLmNvbS9hY3R1YWxpdGVzL2xlcy10ZXJyaWJsZXMtaW1hZ2VzLWRlLWxpbmNlbmRpZS1hdS1tYXJjaGUtY2VudHJhbC1kZS10YW1iYWNvdW5kYS1waG90b3NfNDU1MjY5Lmh0bWzSAX9odHRwczovL3d3dy5zZW5lbmV3cy5jb20vYWN0dWFsaXRlcy9sZXMtdGVycmlibGVzLWltYWdlcy1kZS1saW5jZW5kaWUtYXUtbWFyY2hlLWNlbnRyYWwtZGUtdGFtYmFjb3VuZGEtcGhvdG9zXzQ1NTI2OS5odG1sP2FtcD0x?oc=5","Senenews","Les terribles images de l’incendie au marché central de Tambacounda (photos)"
"https://www.pressafrik.com/photo/art/grande/78653304-57069243.jpg?v=1709212402","https://www.pressafrik.com/Incendie-au-marche-central-de-Mbour-les-pertes-estimees-a-plus-de-100-millions-FCFA_a269656.html","2024-02-29T08:00:00.000Z","https://news.google.com/rss/articles/CBMie2h0dHBzOi8vd3d3LnByZXNzYWZyaWsuY29tL0luY2VuZGllLWF1LW1hcmNoZS1jZW50cmFsLWRlLU1ib3VyLWxlcy1wZXJ0ZXMtZXN0aW1lZXMtYS1wbHVzLWRlLTEwMC1taWxsaW9ucy1GQ0ZBX2EyNjk2NTYuaHRtbNIBAA?oc=5","Pressafrik","Incendie au marché central de Mbour : les pertes estimées à plus de 100 millions FCFA"
"https://aps.sn/wp-content/uploads/2023/08/incendie-tamba.jpg","https://aps.sn/tambacounda-plusieurs-magasins-du-marche-central-ravages-par-un-incendie/","2023-08-19T07:00:00.000Z","https://news.google.com/rss/articles/CBMiWGh0dHBzOi8vYXBzLnNuL3RhbWJhY291bmRhLXBsdXNpZXVycy1tYWdhc2lucy1kdS1tYXJjaGUtY2VudHJhbC1yYXZhZ2VzLXBhci11bi1pbmNlbmRpZS_SAQA?oc=5","AP Sénégalaise","SENEGAL-DIVERS / Tambacounda : plusieurs magasins du marché central ravagés par un incendie - Agence de ..."
"https://aps.sn/wp-content/uploads/2023/12/feu.jpg","https://aps.sn/ziguinchor-le-marche-de-boucotte-en-proie-a-un-violent-incendie/","2023-12-05T08:00:00.000Z","https://news.google.com/rss/articles/CBMiT2h0dHBzOi8vYXBzLnNuL3ppZ3VpbmNob3ItbGUtbWFyY2hlLWRlLWJvdWNvdHRlLWVuLXByb2llLWEtdW4tdmlvbGVudC1pbmNlbmRpZS_SAQA?oc=5","AP Sénégalaise","SENEGAL-COMMERCE-SINISTRE / Ziguinchor : le marché de Boucotte en proie à un violent incendie - Agence de ..."
"https://aps.sn/wp-content/uploads/2023/12/thereze.jpg","https://aps.sn/ziguinchor-therese-faye-diouf-remet-50-millions-de-francs-cfa-aux-sinistres-du-marche-de-boucotte/","2023-12-08T08:00:00.000Z","https://news.google.com/rss/articles/CBMicWh0dHBzOi8vYXBzLnNuL3ppZ3VpbmNob3ItdGhlcmVzZS1mYXllLWRpb3VmLXJlbWV0LTUwLW1pbGxpb25zLWRlLWZyYW5jcy1jZmEtYXV4LXNpbmlzdHJlcy1kdS1tYXJjaGUtZGUtYm91Y290dGUv0gEA?oc=5","AP Sénégalaise","SENEGAL-SOCIETE- SOLIDARITE / Ziguinchor : Thérèse Faye Diouf remet 50 millions de francs CFA aux sinistrés du ..."
"https://images.seneweb.com/dynamic/modules/news/images/gen/fb/0a3fa3b37eab7c3975cd49d4e2ad99bc37f3f328.jpg","https://www.seneweb.com/news/Societe/incendie-au-marche-boucotte-de-ziguincho_n_427743.html","2023-12-09T08:00:00.000Z","https://news.google.com/rss/articles/CBMiW2h0dHBzOi8vd3d3LnNlbmV3ZWIuY29tL25ld3MvU29jaWV0ZS9pbmNlbmRpZS1hdS1tYXJjaGUtYm91Y290dGUtZGUtemlndWluY2hvX25fNDI3NzQzLmh0bWzSAQA?oc=5","Seneweb - Actualités au Sénégal","Incendie au Marché Boucotte de Ziguinchor : Serigne Mboup soutient les victimes et promet…"
"https://aps.sn/wp-content/uploads/2023/08/IncendieMarcheCentralCommunTambacounda.jpg","https://aps.sn/incendie-du-marche-central-de-tambacounda-les-degats-materiels-evalues-a-650-millions-fcfa-secretaire-general/","2023-08-21T07:00:00.000Z","https://news.google.com/rss/articles/CBMifWh0dHBzOi8vYXBzLnNuL2luY2VuZGllLWR1LW1hcmNoZS1jZW50cmFsLWRlLXRhbWJhY291bmRhLWxlcy1kZWdhdHMtbWF0ZXJpZWxzLWV2YWx1ZXMtYS02NTAtbWlsbGlvbnMtZmNmYS1zZWNyZXRhaXJlLWdlbmVyYWwv0gEA?oc=5","AP Sénégalaise","SENEGAL-SOCIETE / Incendie du marché central de Tambacounda : les dégâts matériels évalués à 650 millions ..."
"https://www.senenews.com/wp-content/uploads/2015/09/99dd9d40f858193b3c8640cafd6e0178.jpg","https://www.senenews.com/actualites/photos-incendie-de-paris-les-senegalais-de-la-france-marchent-a-la-memoire-de-leur-compatriote_139623.html","2015-09-05T07:00:00.000Z","https://news.google.com/rss/articles/CBMijgFodHRwczovL3d3dy5zZW5lbmV3cy5jb20vYWN0dWFsaXRlcy9waG90b3MtaW5jZW5kaWUtZGUtcGFyaXMtbGVzLXNlbmVnYWxhaXMtZGUtbGEtZnJhbmNlLW1hcmNoZW50LWEtbGEtbWVtb2lyZS1kZS1sZXVyLWNvbXBhdHJpb3RlXzEzOTYyMy5odG1s0gGUAWh0dHBzOi8vd3d3LnNlbmVuZXdzLmNvbS9hY3R1YWxpdGVzL3Bob3Rvcy1pbmNlbmRpZS1kZS1wYXJpcy1sZXMtc2VuZWdhbGFpcy1kZS1sYS1mcmFuY2UtbWFyY2hlbnQtYS1sYS1tZW1vaXJlLWRlLWxldXItY29tcGF0cmlvdGVfMTM5NjIzLmh0bWw_YW1wPTE?oc=5","Senenews","Photos. Incendie de Paris : Les sénégalais de la France marchent à la mémoire de leur compatriote"
"https://information.tv5monde.com/sites/tv5-info/files/styles/seo_1200/public/2023-06/field_media_tv5_jwplayer_field-2710527-6070788.jpg?itok=spGV_hFP","https://information.tv5monde.com/afrique/senegal-un-incendie-detruit-les-archives-de-luniversite-cheick-anta-diop-2646561","2023-06-11T07:00:00.000Z","https://news.google.com/rss/articles/CBMieWh0dHBzOi8vaW5mb3JtYXRpb24udHY1bW9uZGUuY29tL2FmcmlxdWUvc2VuZWdhbC11bi1pbmNlbmRpZS1kZXRydWl0LWxlcy1hcmNoaXZlcy1kZS1sdW5pdmVyc2l0ZS1jaGVpY2stYW50YS1kaW9wLTI2NDY1NjHSAQA?oc=5","TV5MONDE","Sénégal : un incendie détruit les archives de l'université Cheick Anta Diop"
"https://s.rfi.fr/media/display/64a28ba8-0636-11eb-8cd2-005056a964fe/w:1280/p:16x9/20201004_074714_0.jpg","https://www.rfi.fr/fr/afrique/20201004-s%C3%A9n%C3%A9gal-incendie-ravage-le-march%C3%A9-pak-lambaye-dakar","2020-10-04T07:00:00.000Z","https://news.google.com/rss/articles/CBMiaWh0dHBzOi8vd3d3LnJmaS5mci9mci9hZnJpcXVlLzIwMjAxMDA0LXMlQzMlQTluJUMzJUE5Z2FsLWluY2VuZGllLXJhdmFnZS1sZS1tYXJjaCVDMyVBOS1wYWstbGFtYmF5ZS1kYWthctIBAA?oc=5","RFI","Sénégal: un incendie ravage le marché Pak Lambaye de Dakar"
"https://laviesenegalaise.com/wp-content/uploads/2023/11/Un-violent-incendie-au-marche-Petersen-de-Dakar.jpg","https://laviesenegalaise.com/un-violent-incendie-au-marche-petersen-de-dakar/","2023-11-28T08:00:00.000Z","https://news.google.com/rss/articles/CBMiTWh0dHBzOi8vbGF2aWVzZW5lZ2FsYWlzZS5jb20vdW4tdmlvbGVudC1pbmNlbmRpZS1hdS1tYXJjaGUtcGV0ZXJzZW4tZGUtZGFrYXIv0gEA?oc=5","La Vie Senegalaise","Un violent incendie au marché Petersen de Dakar"
"https://www.pressafrik.com/photo/art/grande/76126612-53879426.jpg?v=1698317565","https://www.pressafrik.com/Marche-de-Sandaga-10-ans-apres-l-incendie-les-commercants-interpellent-Alioune-Ndoye-pour-une-action_a263572.html","2023-10-26T07:00:00.000Z","https://news.google.com/rss/articles/CBMijAFodHRwczovL3d3dy5wcmVzc2FmcmlrLmNvbS9NYXJjaGUtZGUtU2FuZGFnYS0xMC1hbnMtYXByZXMtbC1pbmNlbmRpZS1sZXMtY29tbWVyY2FudHMtaW50ZXJwZWxsZW50LUFsaW91bmUtTmRveWUtcG91ci11bmUtYWN0aW9uX2EyNjM1NzIuaHRtbNIBAA?oc=5","Pressafrik","Marché de Sandaga: 10 ans après l'incendie, les commerçants interpellent Alioune Ndoye pour une action"
"https://laviesenegalaise.com/wp-content/uploads/2023/07/incendie-marche-zinc-pikine-de-Dakar.jpg","https://laviesenegalaise.com/bilan-de-lincendie-destructeur-au-marche-de-mbacke/","2023-09-19T07:00:00.000Z","https://news.google.com/rss/articles/CBMiUGh0dHBzOi8vbGF2aWVzZW5lZ2FsYWlzZS5jb20vYmlsYW4tZGUtbGluY2VuZGllLWRlc3RydWN0ZXVyLWF1LW1hcmNoZS1kZS1tYmFja2Uv0gEA?oc=5","La Vie Senegalaise","Bilan de l'incendie destructeur au marché de Mbacké"
"https://aps.sn/wp-content/uploads/2023/12/incendie-2.jpg","https://aps.sn/incendie-au-marche-boucotte-des-magasins-ravages-sur-un-rayon-de-4-000-metres-carres-secours/","2023-12-05T08:00:00.000Z","https://news.google.com/rss/articles/CBMibGh0dHBzOi8vYXBzLnNuL2luY2VuZGllLWF1LW1hcmNoZS1ib3Vjb3R0ZS1kZXMtbWFnYXNpbnMtcmF2YWdlcy1zdXItdW4tcmF5b24tZGUtNC0wMDAtbWV0cmVzLWNhcnJlcy1zZWNvdXJzL9IBAA?oc=5","AP Sénégalaise","SENEGAL-SOCIETE / Incendie au marché Boucotte : des magasins ravagés sur un rayon de 4.000 mètres carrés ..."
"https://senegal7.com/wp-content/uploads/2020/11/TOUBA-.jpg","https://senegal7.com/incendie-marche-ocas-de-touba-le-khalife-general-des-mourides-offre-100-millions-aux-sinistres/","2020-11-26T08:00:00.000Z","https://news.google.com/rss/articles/CBMidGh0dHBzOi8vc2VuZWdhbDcuY29tL2luY2VuZGllLW1hcmNoZS1vY2FzLWRlLXRvdWJhLWxlLWtoYWxpZmUtZ2VuZXJhbC1kZXMtbW91cmlkZXMtb2ZmcmUtMTAwLW1pbGxpb25zLWF1eC1zaW5pc3RyZXMv0gEA?oc=5","Senegal7","Incendie marché Ocas de Touba: Le Khalife général des mourides offre 100 millions aux sinistrés"
"https://senegal7.com/wp-content/uploads/2020/12/INCENDIE.jpg","https://senegal7.com/incendie-au-marche-sante-yalla-de-lat-dior-15-cantines-reduites-en-cendres/","2021-10-27T07:00:00.000Z","https://news.google.com/rss/articles/CBMiYGh0dHBzOi8vc2VuZWdhbDcuY29tL2luY2VuZGllLWF1LW1hcmNoZS1zYW50ZS15YWxsYS1kZS1sYXQtZGlvci0xNS1jYW50aW5lcy1yZWR1aXRlcy1lbi1jZW5kcmVzL9IBAA?oc=5","Senegal7","Incendie au marché Sante Yalla de Lat Dior : 15 cantines réduites en cendres !"
"https://www.senenews.com/wp-content/uploads/2019/11/1-2-600x314-watermarked.jpg","https://www.senenews.com/actualites/a-la-recherche-de-petrole-et-de-gaz-un-navire-prend-feu-au-large-du-senegal_290469.html","2019-11-13T08:00:00.000Z","https://news.google.com/rss/articles/CBMie2h0dHBzOi8vd3d3LnNlbmVuZXdzLmNvbS9hY3R1YWxpdGVzL2EtbGEtcmVjaGVyY2hlLWRlLXBldHJvbGUtZXQtZGUtZ2F6LXVuLW5hdmlyZS1wcmVuZC1mZXUtYXUtbGFyZ2UtZHUtc2VuZWdhbF8yOTA0NjkuaHRtbNIBgQFodHRwczovL3d3dy5zZW5lbmV3cy5jb20vYWN0dWFsaXRlcy9hLWxhLXJlY2hlcmNoZS1kZS1wZXRyb2xlLWV0LWRlLWdhei11bi1uYXZpcmUtcHJlbmQtZmV1LWF1LWxhcmdlLWR1LXNlbmVnYWxfMjkwNDY5Lmh0bWw_YW1wPTE?oc=5","Senenews","A la recherche de pétrole et de gaz, un navire prend feu au large du Sénégal"
"https://aps.sn/wp-content/uploads/2023/12/SecretaireGeneralDuditMarcheSerigneKasse.jpg","https://aps.sn/incendie-au-marche-de-boucotte-les-pertes-evaluees-a-15-milliard-fcfa/","2023-12-06T08:00:00.000Z","https://news.google.com/rss/articles/CBMiVWh0dHBzOi8vYXBzLnNuL2luY2VuZGllLWF1LW1hcmNoZS1kZS1ib3Vjb3R0ZS1sZXMtcGVydGVzLWV2YWx1ZWVzLWEtMTUtbWlsbGlhcmQtZmNmYS_SAQA?oc=5","AP Sénégalaise","SENEGAL-SINISTRE-DOMMAGES / Incendie au marché de Boucotte : les pertes évaluées à 1,5 milliard FCFA ..."
"https://www.dakaractu.com/photo/art/grande/8226086-12855250.jpg?v=1441401181","https://www.dakaractu.com/PARIS-Des-senegalais-marchent-pour-rendre-hommage-aux-victimes-de-l-incendie-criminel-IMAGES_a96789.html","2015-09-04T07:00:00.000Z","https://news.google.com/rss/articles/CBMiggFodHRwczovL3d3dy5kYWthcmFjdHUuY29tL1BBUklTLURlcy1zZW5lZ2FsYWlzLW1hcmNoZW50LXBvdXItcmVuZHJlLWhvbW1hZ2UtYXV4LXZpY3RpbWVzLWRlLWwtaW5jZW5kaWUtY3JpbWluZWwtSU1BR0VTX2E5Njc4OS5odG1s0gEA?oc=5","DakarActu","PARIS : Des sénégalais marchent pour rendre hommage aux victimes de l'incendie criminel (IMAGES) PARIS"
"https://lanouvelletribune.info/wp-content/uploads/2019/03/incendie-petersen-dakar.jpg","https://lanouvelletribune.info/2019/03/un-conseil-interministeriel-au-senegal-pour-la-fin-des-incendies-des-marches/","2019-03-21T07:00:00.000Z","https://news.google.com/rss/articles/CBMidGh0dHBzOi8vbGFub3V2ZWxsZXRyaWJ1bmUuaW5mby8yMDE5LzAzL3VuLWNvbnNlaWwtaW50ZXJtaW5pc3RlcmllbC1hdS1zZW5lZ2FsLXBvdXItbGEtZmluLWRlcy1pbmNlbmRpZXMtZGVzLW1hcmNoZXMv0gEA?oc=5","La Nouvelle Tribune","Un conseil interministériel au Sénégal pour la fin des incendies des marchés"
"https://lequotidien.sn/wp-content/uploads/2016/12/Incendie-mbour.jpg","https://lequotidien.sn/incendies-incendies-et-incendies-une-responsabilite-nationale/","2017-11-27T08:00:00.000Z","https://news.google.com/rss/articles/CBMiVWh0dHBzOi8vbGVxdW90aWRpZW4uc24vaW5jZW5kaWVzLWluY2VuZGllcy1ldC1pbmNlbmRpZXMtdW5lLXJlc3BvbnNhYmlsaXRlLW5hdGlvbmFsZS_SAQA?oc=5","Le Quotidien","Incendies, incendies et incendies ! : Une responsabilité nationale - Lequotidien - Journal d'information Générale"
"https://www.dakaractu.com/photo/art/grande/76594018-54950747.jpg?v=1699753373","https://www.dakaractu.com/Kaolack-Incendie-au-marche-central-de-Kaolack-Soobante-touche-par-les-flammes_a240250.html","2023-11-12T08:00:00.000Z","https://news.google.com/rss/articles/CBMidGh0dHBzOi8vd3d3LmRha2FyYWN0dS5jb20vS2FvbGFjay1JbmNlbmRpZS1hdS1tYXJjaGUtY2VudHJhbC1kZS1LYW9sYWNrLVNvb2JhbnRlLXRvdWNoZS1wYXItbGVzLWZsYW1tZXNfYTI0MDI1MC5odG1s0gEA?oc=5","DakarActu","Kaolack: Incendie au marché central de Kaolack: ""Soobanté"" touché par les flammes Kaolack: Incendie au marché ..."
"https://afrique.le360.ma/resizer/HKudI2Bcmu70M_Rqax4qK4tswLU=/1200x630/cloudfront-eu-central-1.images.arcpublishing.com/le360/B6CSOIXKUJHQNOHCJWZLBHA2RM.jpg","https://afrique.le360.ma/senegal/societe/2018/08/19/22404-senegal-une-serie-dincendies-dans-les-marches-inquiete-tout-le-pays-22404/","2018-08-19T07:00:00.000Z","https://news.google.com/rss/articles/CBMihAFodHRwczovL2FmcmlxdWUubGUzNjAubWEvc2VuZWdhbC9zb2NpZXRlLzIwMTgvMDgvMTkvMjI0MDQtc2VuZWdhbC11bmUtc2VyaWUtZGluY2VuZGllcy1kYW5zLWxlcy1tYXJjaGVzLWlucXVpZXRlLXRvdXQtbGUtcGF5cy0yMjQwNC_SAQA?oc=5","Le360 - Afrique","Sénégal: une série d'incendies dans les marchés inquiète tout le pays"
"https://lanouvelletribune.info/wp-content/uploads/2019/03/incendie-petersen-dakar.jpg","https://lanouvelletribune.info/2019/08/serie-dincendies-dans-les-marches-senegalais-liberte-6-touche/","2019-08-21T07:00:00.000Z","https://news.google.com/rss/articles/CBMiZWh0dHBzOi8vbGFub3V2ZWxsZXRyaWJ1bmUuaW5mby8yMDE5LzA4L3NlcmllLWRpbmNlbmRpZXMtZGFucy1sZXMtbWFyY2hlcy1zZW5lZ2FsYWlzLWxpYmVydGUtNi10b3VjaGUv0gEA?oc=5","La Nouvelle Tribune","Série d'incendies dans les marchés sénégalais: Liberté 6 touché"
"https://senegal7.com/wp-content/uploads/2018/09/Marche-le-feu.jpg","https://senegal7.com/recurrence-des-incendies-de-marche-est-ce-pour-reformer-les-marches/","2018-09-14T07:00:00.000Z","https://news.google.com/rss/articles/CBMiWWh0dHBzOi8vc2VuZWdhbDcuY29tL3JlY3VycmVuY2UtZGVzLWluY2VuZGllcy1kZS1tYXJjaGUtZXN0LWNlLXBvdXItcmVmb3JtZXItbGVzLW1hcmNoZXMv0gEA?oc=5","Senegal7","Récurrence des incendies de marché : Est-ce pour réformer les marchés ?"
"https://www.sudquotidien.sn/wp-content/uploads/2023/11/incendie.webp","https://www.sudquotidien.sn/enieme-violent-incendie-au-marche-petersen-plusieurs-cantines-et-une-cinquantaine-de-vehicules-reduites-en-cendre/","2023-11-29T08:00:00.000Z","https://news.google.com/rss/articles/CBMijgFodHRwczovL3d3dy5zdWRxdW90aWRpZW4uc24vZW5pZW1lLXZpb2xlbnQtaW5jZW5kaWUtYXUtbWFyY2hlLXBldGVyc2VuLXBsdXNpZXVycy1jYW50aW5lcy1ldC11bmUtY2lucXVhbnRhaW5lLWRlLXZlaGljdWxlcy1yZWR1aXRlcy1lbi1jZW5kcmUv0gGOAWh0dHBzOi8vd3d3LnN1ZHF1b3RpZGllbi5zbi9lbmllbWUtdmlvbGVudC1pbmNlbmRpZS1hdS1tYXJjaGUtcGV0ZXJzZW4tcGx1c2lldXJzLWNhbnRpbmVzLWV0LXVuZS1jaW5xdWFudGFpbmUtZGUtdmVoaWN1bGVzLXJlZHVpdGVzLWVuLWNlbmRyZS8?oc=5","Sud Quotidien","Enième violent incendie au marche Petersen : plusieurs cantines et une cinquantaine de véhicules réduites en cendre"
"https://maliactu.net/wp-content/uploads/2019/03/senegal-le-marche-petersen-reduit-cendres-incendie.jpg","https://maliactu.net/senegal-le-marche-petersen-reduit-en-cendres-par-un-incendie/","2019-03-15T07:00:00.000Z","https://news.google.com/rss/articles/CBMiUmh0dHBzOi8vbWFsaWFjdHUubmV0L3NlbmVnYWwtbGUtbWFyY2hlLXBldGVyc2VuLXJlZHVpdC1lbi1jZW5kcmVzLXBhci11bi1pbmNlbmRpZS_SAVJodHRwczovL21hbGlhY3R1Lm5ldC9zZW5lZ2FsLWxlLW1hcmNoZS1wZXRlcnNlbi1yZWR1aXQtZW4tY2VuZHJlcy1wYXItdW4taW5jZW5kaWUv?oc=5","Mali Actu","Sénégal : le marché Petersen réduit en cendres par un incendie"
"https://senegal7.com/wp-content/uploads/2018/09/Incendie.jpg","https://senegal7.com/derniere-minute-incendie-dans-un-magasin-de-tissus-a-sandaga/","2018-09-08T07:00:00.000Z","https://news.google.com/rss/articles/CBMiUmh0dHBzOi8vc2VuZWdhbDcuY29tL2Rlcm5pZXJlLW1pbnV0ZS1pbmNlbmRpZS1kYW5zLXVuLW1hZ2FzaW4tZGUtdGlzc3VzLWEtc2FuZGFnYS_SAQA?oc=5","Senegal7","Dernière minute : Incendie dans un magasin de tissus à Sandaga"
"https://images.seneweb.com/dynamic/modules/news/images/gen/fb/8107e977b29f2802c41cc8bc1f3e5cb57642ef77.jpg","https://www.seneweb.com/news/Societe/recrudescence-des-incendies-dans-les-mar_n_373353.html","2022-03-10T08:00:00.000Z","https://news.google.com/rss/articles/CBMiW2h0dHBzOi8vd3d3LnNlbmV3ZWIuY29tL25ld3MvU29jaWV0ZS9yZWNydWRlc2NlbmNlLWRlcy1pbmNlbmRpZXMtZGFucy1sZXMtbWFyX25fMzczMzUzLmh0bWzSAQA?oc=5","Seneweb - Actualités au Sénégal","Recrudescence des incendies dans les marchés : L'Alliance des écologistes du Sénégal réagit"
"https://www.senenews.com/wp-content/uploads/2016/04/incendie.jpg-lou.jpg","https://www.senenews.com/actualites/incendie-au-marche-mont-bouet-des-senegalais-parmi-les-victimes_157364.html","2016-05-11T07:00:00.000Z","https://news.google.com/rss/articles/CBMib2h0dHBzOi8vd3d3LnNlbmVuZXdzLmNvbS9hY3R1YWxpdGVzL2luY2VuZGllLWF1LW1hcmNoZS1tb250LWJvdWV0LWRlcy1zZW5lZ2FsYWlzLXBhcm1pLWxlcy12aWN0aW1lc18xNTczNjQuaHRtbNIBdWh0dHBzOi8vd3d3LnNlbmVuZXdzLmNvbS9hY3R1YWxpdGVzL2luY2VuZGllLWF1LW1hcmNoZS1tb250LWJvdWV0LWRlcy1zZW5lZ2FsYWlzLXBhcm1pLWxlcy12aWN0aW1lc18xNTczNjQuaHRtbD9hbXA9MQ?oc=5","Senenews","Gabon-Incendie au marché Mont-Bouët : Des Sénégalais parmi les victimes"
"https://www.ndarinfo.com/photo/art/default/5993153-8934369.jpg?v=1382825750","https://www.ndarinfo.com/VIDEO-Voici-le-film-de-l-incendie-du-marche-Sandaga_a6757.html","2013-10-26T07:00:00.000Z","https://news.google.com/rss/articles/CBMiV2h0dHBzOi8vd3d3Lm5kYXJpbmZvLmNvbS9WSURFTy1Wb2ljaS1sZS1maWxtLWRlLWwtaW5jZW5kaWUtZHUtbWFyY2hlLVNhbmRhZ2FfYTY3NTcuaHRtbNIBAA?oc=5","NdarInfo.com - Les infos en temps réel","VIDEO: Voici le film de l'incendie du marché Sandaga."
"https://www.pressafrik.com/photo/art/default/1179787-1527977.jpg?v=1289543909","https://www.pressafrik.com/Senegal-incendie-au-marche-Syndicat-de-Pikine-le-desastre_a932.html","2009-01-13T08:00:00.000Z","https://news.google.com/rss/articles/CBMiXmh0dHBzOi8vd3d3LnByZXNzYWZyaWsuY29tL1NlbmVnYWwtaW5jZW5kaWUtYXUtbWFyY2hlLVN5bmRpY2F0LWRlLVBpa2luZS1sZS1kZXNhc3RyZV9hOTMyLmh0bWzSAQA?oc=5","Pressafrik","Sénégal-incendie au marché Syndicat de Pikine : le désastre"
"https://www.koaci.com/assets/news/thumbnails/600/2020/10/photo_1601856822.jpg","https://www.koaci.com/article/2020/10/05/senegal/societe/senegal-le-marche-historique-de-dakar-ravage-par-un-incendie-dans-la-nuit-du-samedi_145552.html","2020-10-05T07:00:00.000Z","https://news.google.com/rss/articles/CBMimAFodHRwczovL3d3dy5rb2FjaS5jb20vYXJ0aWNsZS8yMDIwLzEwLzA1L3NlbmVnYWwvc29jaWV0ZS9zZW5lZ2FsLWxlLW1hcmNoZS1oaXN0b3JpcXVlLWRlLWRha2FyLXJhdmFnZS1wYXItdW4taW5jZW5kaWUtZGFucy1sYS1udWl0LWR1LXNhbWVkaV8xNDU1NTIuaHRtbNIBAA?oc=5","Koaci","Sénégal : Le marché historique de Dakar ravagé par un incendie dans la nuit du Samedi - KOACI"
"https://senegal7.com/wp-content/uploads/2023/02/Screenshot_20230213-061300.png","https://senegal7.com/touba-un-nouvel-incendie-au-marche-ocass-plusieurs-degats-materiels/","2023-02-13T08:00:00.000Z","https://news.google.com/rss/articles/CBMiWWh0dHBzOi8vc2VuZWdhbDcuY29tL3RvdWJhLXVuLW5vdXZlbC1pbmNlbmRpZS1hdS1tYXJjaGUtb2Nhc3MtcGx1c2lldXJzLWRlZ2F0cy1tYXRlcmllbHMv0gEA?oc=5","Senegal7","Touba : Un nouvel incendie au marché Ocass, plusieurs dégâts matériels"
"https://lanouvelletribune.info/wp-content/uploads/2019/04/macky-sall1.jpg","https://lanouvelletribune.info/2020/11/apres-lincendie-du-marche-ocass-lurgence-dune-mise-aux-normes/","2020-11-19T08:00:00.000Z","https://news.google.com/rss/articles/CBMiZWh0dHBzOi8vbGFub3V2ZWxsZXRyaWJ1bmUuaW5mby8yMDIwLzExL2FwcmVzLWxpbmNlbmRpZS1kdS1tYXJjaGUtb2Nhc3MtbHVyZ2VuY2UtZHVuZS1taXNlLWF1eC1ub3JtZXMv0gEA?oc=5","La Nouvelle Tribune","Après l'incendie du marché Ocass au Sénégal, l'urgence d'une mise aux normes"
"https://www.dakaractu.com/photo/art/grande/51745876-39645456.jpg?v=1606181562","https://www.dakaractu.com/TOUBA-Pape-Diop-a-Ocass-Nous-avons-note-la-recurrence-des-incendies-dans-les-marches-de-Touba-et-de-Kaolack_a196462.html","2020-11-24T08:00:00.000Z","https://news.google.com/rss/articles/CBMikgFodHRwczovL3d3dy5kYWthcmFjdHUuY29tL1RPVUJBLVBhcGUtRGlvcC1hLU9jYXNzLU5vdXMtYXZvbnMtbm90ZS1sYS1yZWN1cnJlbmNlLWRlcy1pbmNlbmRpZXMtZGFucy1sZXMtbWFyY2hlcy1kZS1Ub3ViYS1ldC1kZS1LYW9sYWNrX2ExOTY0NjIuaHRtbNIBAA?oc=5","DakarActu","TOUBA / Pape Diop à Ocass : ""Nous avons noté la récurrence des incendies dans les marchés de Touba et de Kaolack ..."
"https://www.senenews.com/wp-content/uploads/2022/12/marche-600x314-watermarked.jpg","https://www.senenews.com/actualites/le-plus-grand-marche-de-ziguinchor-prend-feu-100-millions-fcfa-de-pertes_428077.html","2022-12-12T08:00:00.000Z","https://news.google.com/rss/articles/CBMieGh0dHBzOi8vd3d3LnNlbmVuZXdzLmNvbS9hY3R1YWxpdGVzL2xlLXBsdXMtZ3JhbmQtbWFyY2hlLWRlLXppZ3VpbmNob3ItcHJlbmQtZmV1LTEwMC1taWxsaW9ucy1mY2ZhLWRlLXBlcnRlc180MjgwNzcuaHRtbNIBfmh0dHBzOi8vd3d3LnNlbmVuZXdzLmNvbS9hY3R1YWxpdGVzL2xlLXBsdXMtZ3JhbmQtbWFyY2hlLWRlLXppZ3VpbmNob3ItcHJlbmQtZmV1LTEwMC1taWxsaW9ucy1mY2ZhLWRlLXBlcnRlc180MjgwNzcuaHRtbD9hbXA9MQ?oc=5","Senenews","Le plus grand marché de Ziguinchor prend feu, 100 millions FCFA de pertes"
"https://senegal7.com/wp-content/uploads/2021/05/mame-1-8.jpg","https://senegal7.com/un-incendie-fait-des-ravages-au-marche-bou-bess-de-guediawaye/","2021-05-08T07:00:00.000Z","https://news.google.com/rss/articles/CBMiU2h0dHBzOi8vc2VuZWdhbDcuY29tL3VuLWluY2VuZGllLWZhaXQtZGVzLXJhdmFnZXMtYXUtbWFyY2hlLWJvdS1iZXNzLWRlLWd1ZWRpYXdheWUv0gEA?oc=5","Senegal7","Un incendie fait des ravages au marché « Bou Bess » de Guédiawaye"
,"http://french.peopledaily.com.cn/96852/8438902.html","2013-10-28T07:00:00.000Z","https://news.google.com/rss/articles/CBMiM2h0dHA6Ly9mcmVuY2gucGVvcGxlZGFpbHkuY29tLmNuLzk2ODUyLzg0Mzg5MDIuaHRtbNIBAA?oc=5","Quotidien du Peuple","Sénégal : incendie du plus grand marché de Dakar"
"https://www.ndarinfo.com/photo/art/grande/7125062-10919797.jpg?v=1414647223","https://www.ndarinfo.com/Le-grand-marche-de-Libreville-prend-feu-Des-centaines-de-cantines-tenues-par-des-Senegalais-partent-en-fumee_a10998.html","2014-10-30T07:00:00.000Z","https://news.google.com/rss/articles/CBMikQFodHRwczovL3d3dy5uZGFyaW5mby5jb20vTGUtZ3JhbmQtbWFyY2hlLWRlLUxpYnJldmlsbGUtcHJlbmQtZmV1LURlcy1jZW50YWluZXMtZGUtY2FudGluZXMtdGVudWVzLXBhci1kZXMtU2VuZWdhbGFpcy1wYXJ0ZW50LWVuLWZ1bWVlX2ExMDk5OC5odG1s0gEA?oc=5","NdarInfo.com - Les infos en temps réel","Le grand marché de Libreville prend feu: Des centaines de cantines tenues par des Sénégalais partent en fumée"
"https://www.dakaractu.com/photo/art/grande/70446938-49132255.jpg?v=1675010837","https://www.dakaractu.com/Mimi-Toure-sur-l-incendie-du-marche-Ocass-Toute-ma-compassion-a-l-endroit-des-commercants-_a229299.html","2023-01-29T08:00:00.000Z","https://news.google.com/rss/articles/CBMigQFodHRwczovL3d3dy5kYWthcmFjdHUuY29tL01pbWktVG91cmUtc3VyLWwtaW5jZW5kaWUtZHUtbWFyY2hlLU9jYXNzLVRvdXRlLW1hLWNvbXBhc3Npb24tYS1sLWVuZHJvaXQtZGVzLWNvbW1lcmNhbnRzLV9hMjI5Mjk5Lmh0bWzSAQA?oc=5","DakarActu","Mimi Touré sur l'incendie du marché Ocass : « Toute ma compassion à l'endroit des commerçants ! »"
"https://actusen.sn/actusen_uploads/2023/12/ThereseFayeDiouf.jpg","https://actusen.sn/incendie-au-marche-boucotte-de-ziguinchor-therese-diouf-faye-remet-une-enveloppe-de-50-millions-f-cfa-et-10-tonnes-de-riz-aux-sinistres/","2023-12-09T08:00:00.000Z","https://news.google.com/rss/articles/CBMimwFodHRwczovL2FjdHVzZW4uc24vaW5jZW5kaWUtYXUtbWFyY2hlLWJvdWNvdHRlLWRlLXppZ3VpbmNob3ItdGhlcmVzZS1kaW91Zi1mYXllLXJlbWV0LXVuZS1lbnZlbG9wcGUtZGUtNTAtbWlsbGlvbnMtZi1jZmEtZXQtMTAtdG9ubmVzLWRlLXJpei1hdXgtc2luaXN0cmVzL9IBAA?oc=5","actusen.sn","Incendie au marché Boucotte de Ziguinchor : Thérèse Diouf Faye remet une enveloppe de 50 millions F Cfa et 10 ..."
"https://www.senenews.com/wp-content/uploads/2021/05/incendi-600x314-watermarked.jpg","https://www.senenews.com/actualites/un-incendie-fait-des-ravages-au-marche-bou-bess-de-guediawaye_357011.html","2021-05-08T07:00:00.000Z","https://news.google.com/rss/articles/CBMibWh0dHBzOi8vd3d3LnNlbmVuZXdzLmNvbS9hY3R1YWxpdGVzL3VuLWluY2VuZGllLWZhaXQtZGVzLXJhdmFnZXMtYXUtbWFyY2hlLWJvdS1iZXNzLWRlLWd1ZWRpYXdheWVfMzU3MDExLmh0bWzSAXNodHRwczovL3d3dy5zZW5lbmV3cy5jb20vYWN0dWFsaXRlcy91bi1pbmNlbmRpZS1mYWl0LWRlcy1yYXZhZ2VzLWF1LW1hcmNoZS1ib3UtYmVzcy1kZS1ndWVkaWF3YXllXzM1NzAxMS5odG1sP2FtcD0x?oc=5","Senenews","Un incendie fait des ravages au marché « Bou Bess » de Guédiawaye"
"https://www.senenews.com/wp-content/uploads/2021/12/whatsapp-image-2021-12-24-at-16.33.40-1-600x314-watermarked.jpeg","https://www.senenews.com/actualites/derniere-minute-un-violent-incendie-declare-au-marche-boucotte-photos_380288.html","2021-12-24T08:00:00.000Z","https://news.google.com/rss/articles/CBMidWh0dHBzOi8vd3d3LnNlbmVuZXdzLmNvbS9hY3R1YWxpdGVzL2Rlcm5pZXJlLW1pbnV0ZS11bi12aW9sZW50LWluY2VuZGllLWRlY2xhcmUtYXUtbWFyY2hlLWJvdWNvdHRlLXBob3Rvc18zODAyODguaHRtbNIBe2h0dHBzOi8vd3d3LnNlbmVuZXdzLmNvbS9hY3R1YWxpdGVzL2Rlcm5pZXJlLW1pbnV0ZS11bi12aW9sZW50LWluY2VuZGllLWRlY2xhcmUtYXUtbWFyY2hlLWJvdWNvdHRlLXBob3Rvc18zODAyODguaHRtbD9hbXA9MQ?oc=5","Senenews","Dernière minute : Un violent incendie déclaré au marché Boucotte (photos)"
"https://senego.com/wp-content/uploads/2019/05/60293317_2234026860246999_9180698723565436928_n.jpg","https://senego.com/urgent-grave-incendie-au-marche-sandaga-video_910302.html","2019-05-10T07:00:00.000Z","https://news.google.com/rss/articles/CBMiTGh0dHBzOi8vc2VuZWdvLmNvbS91cmdlbnQtZ3JhdmUtaW5jZW5kaWUtYXUtbWFyY2hlLXNhbmRhZ2EtdmlkZW9fOTEwMzAyLmh0bWzSAQA?oc=5","Senego.com","Urgent – Grave incendie au marché Sandaga (Video)"
"https://senego.com/wp-content/uploads/2022/03/incendie.jpg","https://senego.com/incendie-a-dakar-le-marche-salle-de-vente-part-en-fumee-video_1395521.html","2022-03-07T08:00:00.000Z","https://news.google.com/rss/articles/CBMiXWh0dHBzOi8vc2VuZWdvLmNvbS9pbmNlbmRpZS1hLWRha2FyLWxlLW1hcmNoZS1zYWxsZS1kZS12ZW50ZS1wYXJ0LWVuLWZ1bWVlLXZpZGVvXzEzOTU1MjEuaHRtbNIBAA?oc=5","Senego.com","Incendie à Dakar : Le marché « Salle de vente » part en fumée (Vidéo)"
"https://africa.la-croix.com/wp-content/uploads/2018/07/mouride.jpg","https://africa.la-croix.com/au-senegal-le-khalife-general-des-mourides-offre-cent-millions-fcfa-a-des-commercants-victimes-dun-incendie/","2020-11-30T08:00:00.000Z","https://news.google.com/rss/articles/CBMiiAFodHRwczovL2FmcmljYS5sYS1jcm9peC5jb20vYXUtc2VuZWdhbC1sZS1raGFsaWZlLWdlbmVyYWwtZGVzLW1vdXJpZGVzLW9mZnJlLWNlbnQtbWlsbGlvbnMtZmNmYS1hLWRlcy1jb21tZXJjYW50cy12aWN0aW1lcy1kdW4taW5jZW5kaWUv0gGMAWh0dHBzOi8vYWZyaWNhLmxhLWNyb2l4LmNvbS9hdS1zZW5lZ2FsLWxlLWtoYWxpZmUtZ2VuZXJhbC1kZXMtbW91cmlkZXMtb2ZmcmUtY2VudC1taWxsaW9ucy1mY2ZhLWEtZGVzLWNvbW1lcmNhbnRzLXZpY3RpbWVzLWR1bi1pbmNlbmRpZS9hbXAv?oc=5","Urbi & Orbi Africa","Au Sénégal, le Khalife général des mourides offre cent millions FCFA à des commerçants victimes d’un incendie"
"https://www.pressafrik.com/photo/art/grande/71283324-49664113.jpg?v=1678278773","https://www.pressafrik.com/Incendie-au-marche-Corona-de-Tamba-une-dizaine-de-cantines-consumees-par-le-feu_a254211.html","2023-03-08T08:00:00.000Z","https://news.google.com/rss/articles/CBMid2h0dHBzOi8vd3d3LnByZXNzYWZyaWsuY29tL0luY2VuZGllLWF1LW1hcmNoZS1Db3JvbmEtZGUtVGFtYmEtdW5lLWRpemFpbmUtZGUtY2FudGluZXMtY29uc3VtZWVzLXBhci1sZS1mZXVfYTI1NDIxMS5odG1s0gEA?oc=5","Pressafrik","Incendie au marché Corona de Tamba : une dizaine de cantines consumées par le feu"
"https://www.dakaractu.com/photo/art/grande/55718423-41645269.jpg?v=1619128739","https://www.dakaractu.com/Thies-Marche-central-Un-incendie-cree-par-un-court-circuit-du-groupe-electrogene-du-CMS_a202563.html","2021-04-22T07:00:00.000Z","https://news.google.com/rss/articles/CBMifmh0dHBzOi8vd3d3LmRha2FyYWN0dS5jb20vVGhpZXMtTWFyY2hlLWNlbnRyYWwtVW4taW5jZW5kaWUtY3JlZS1wYXItdW4tY291cnQtY2lyY3VpdC1kdS1ncm91cGUtZWxlY3Ryb2dlbmUtZHUtQ01TX2EyMDI1NjMuaHRtbNIBAA?oc=5","DakarActu","Thiès / Marché central : Un incendie créé par un court-circuit du groupe électrogène du CMS."
"https://www.leral.net/photo/art/grande/65944831-46956025.jpg?v=1657384497","https://www.leral.net/Incendie-au-marche-central-de-Thies-_a333971.html","2022-07-09T07:00:00.000Z","https://news.google.com/rss/articles/CBMiR2h0dHBzOi8vd3d3LmxlcmFsLm5ldC9JbmNlbmRpZS1hdS1tYXJjaGUtY2VudHJhbC1kZS1UaGllcy1fYTMzMzk3MS5odG1s0gEA?oc=5","LERAL","Incendie au marché central de Thiès !"
"https://www.maliweb.net/wp-content/news/images/2020/10/marche-dakar.jpeg","https://www.maliweb.net/international/senegal-un-incendie-ravage-le-marche-pak-lambaye-de-dakar-2898202.html","2020-10-04T07:00:00.000Z","https://news.google.com/rss/articles/CBMibGh0dHBzOi8vd3d3Lm1hbGl3ZWIubmV0L2ludGVybmF0aW9uYWwvc2VuZWdhbC11bi1pbmNlbmRpZS1yYXZhZ2UtbGUtbWFyY2hlLXBhay1sYW1iYXllLWRlLWRha2FyLTI4OTgyMDIuaHRtbNIBcmh0dHBzOi8vd3d3Lm1hbGl3ZWIubmV0L2ludGVybmF0aW9uYWwvc2VuZWdhbC11bi1pbmNlbmRpZS1yYXZhZ2UtbGUtbWFyY2hlLXBhay1sYW1iYXllLWRlLWRha2FyLTI4OTgyMDIuaHRtbD9hbXA9MQ?oc=5","MALI - maliweb.net","Sénégal: un incendie ravage le marché Pak Lambaye de Dakar"
"https://www.koaci.com/assets/news/thumbnails/600/2019/03/pix_1552726146e084906_1.jpg","https://www.koaci.com/article/2019/03/16/senegal/societe/senegal-a-dakar-le-marche-petersen-reduit-en-cendre-par-un-violent-incendie-des-mesures-annoncees_128870.html","2019-03-16T07:00:00.000Z","https://news.google.com/rss/articles/CBMipgFodHRwczovL3d3dy5rb2FjaS5jb20vYXJ0aWNsZS8yMDE5LzAzLzE2L3NlbmVnYWwvc29jaWV0ZS9zZW5lZ2FsLWEtZGFrYXItbGUtbWFyY2hlLXBldGVyc2VuLXJlZHVpdC1lbi1jZW5kcmUtcGFyLXVuLXZpb2xlbnQtaW5jZW5kaWUtZGVzLW1lc3VyZXMtYW5ub25jZWVzXzEyODg3MC5odG1s0gEA?oc=5","Koaci","Sénégal : À Dakar, le marché Petersen réduit en cendre par un violent incendie, des mesures annoncées - KOACI"
"https://www.dakaractu.com/photo/art/grande/31665730-29791236.jpg?v=1552667015","https://www.dakaractu.com/Violent-incendie-au-marche-Petersen-Les-victimes-accusent_a167211.html","2019-03-15T07:00:00.000Z","https://news.google.com/rss/articles/CBMiYGh0dHBzOi8vd3d3LmRha2FyYWN0dS5jb20vVmlvbGVudC1pbmNlbmRpZS1hdS1tYXJjaGUtUGV0ZXJzZW4tTGVzLXZpY3RpbWVzLWFjY3VzZW50X2ExNjcyMTEuaHRtbNIBAA?oc=5","DakarActu","Violent incendie au marché Petersen : Les victimes accusent..."
"https://www.pressafrik.com/photo/art/grande/9460865-15173772.jpg?v=1462968985","https://www.pressafrik.com/Gabon-Incendie-au-marche-Mont-Bouet-des-Senegalais-ont-perdu-beaucoup-de-marchandises_a149489.html","2016-05-11T07:00:00.000Z","https://news.google.com/rss/articles/CBMifWh0dHBzOi8vd3d3LnByZXNzYWZyaWsuY29tL0dhYm9uLUluY2VuZGllLWF1LW1hcmNoZS1Nb250LUJvdWV0LWRlcy1TZW5lZ2FsYWlzLW9udC1wZXJkdS1iZWF1Y291cC1kZS1tYXJjaGFuZGlzZXNfYTE0OTQ4OS5odG1s0gEA?oc=5","Pressafrik","Gabon – Incendie au marché Mont-Bouët : des Sénégalais ont perdu beaucoup de marchandises"
"https://images.seneweb.com/dynamic/modules/news/images/gen/fb/476cf19d1f99d8e3af636a471ec3a074a5b6fa2a.jpg","https://www.seneweb.com/news/Societe/incendie-au-marche-ocass-touba-antoine-f_n_400220.html","2023-01-29T08:00:00.000Z","https://news.google.com/rss/articles/CBMiW2h0dHBzOi8vd3d3LnNlbmV3ZWIuY29tL25ld3MvU29jaWV0ZS9pbmNlbmRpZS1hdS1tYXJjaGUtb2Nhc3MtdG91YmEtYW50b2luZS1mX25fNDAwMjIwLmh0bWzSAQA?oc=5","Seneweb - Actualités au Sénégal","[Video] Incendie au marché Ocass (Touba) : Antoine Félix Diome salue la réactivité des secours"
"https://www.dakaractu.com/photo/art/grande/70480003-49151835.jpg?v=1675143049","https://www.dakaractu.com/Ziguinchor-Incendie-de-marche-Le-ministre-du-Commerce-appelle-a-la-responsabilite-des-acteurs_a229341.html","2023-01-31T08:00:00.000Z","https://news.google.com/rss/articles/CBMihAFodHRwczovL3d3dy5kYWthcmFjdHUuY29tL1ppZ3VpbmNob3ItSW5jZW5kaWUtZGUtbWFyY2hlLUxlLW1pbmlzdHJlLWR1LUNvbW1lcmNlLWFwcGVsbGUtYS1sYS1yZXNwb25zYWJpbGl0ZS1kZXMtYWN0ZXVyc19hMjI5MzQxLmh0bWzSAQA?oc=5","DakarActu","Ziguinchor / Incendie de marché : Le ministre du Commerce appelle à la responsabilité des acteurs"
"https://gdb.voanews.com/c0612fa5-445d-46d8-a511-351ca159fc4d_tv_w1200_r1.jpg","https://www.voaafrique.com/a/le-marche%CC%81-du-bois-de-dakar-entie%CC%80rement-bru%CC%82le%CC%81/5609287.html","2020-10-05T07:00:00.000Z","https://news.google.com/rss/articles/CBMibmh0dHBzOi8vd3d3LnZvYWFmcmlxdWUuY29tL2EvbGUtbWFyY2hlJUNDJTgxLWR1LWJvaXMtZGUtZGFrYXItZW50aWUlQ0MlODByZW1lbnQtYnJ1JUNDJTgybGUlQ0MlODEvNTYwOTI4Ny5odG1s0gFwaHR0cHM6Ly93d3cudm9hYWZyaXF1ZS5jb20vYW1wL2xlLW1hcmNoZSVDQyU4MS1kdS1ib2lzLWRlLWRha2FyLWVudGllJUNDJTgwcmVtZW50LWJydSVDQyU4MmxlJUNDJTgxLzU2MDkyODcuaHRtbA?oc=5","VOA Afrique","Un incendie a ravagé le Parc Lambaye, le marché du bois de Dakar"
"https://static.euronews.com/articles/stories/05/03/11/32/1024x538_cmsv2_1b25b281-d189-5d98-a14a-5ae133e75e7c-5031132.jpg","https://fr.africanews.com/2020/10/04/violent-incendie-dans-un-marche-de-dakar/","2020-10-05T07:00:00.000Z","https://news.google.com/rss/articles/CBMiTmh0dHBzOi8vZnIuYWZyaWNhbmV3cy5jb20vMjAyMC8xMC8wNC92aW9sZW50LWluY2VuZGllLWRhbnMtdW4tbWFyY2hlLWRlLWRha2FyL9IBUmh0dHBzOi8vZnIuYWZyaWNhbmV3cy5jb20vYW1wLzIwMjAvMTAvMDQvdmlvbGVudC1pbmNlbmRpZS1kYW5zLXVuLW1hcmNoZS1kZS1kYWthci8?oc=5","Africanews Français","Violent incendie dans un marché de Dakar"
"https://senego.com/wp-content/uploads/2019/03/incendie-petersen-800x500_c.jpeg","https://senego.com/incendie-dans-les-marches-au-senegal-la-cause-ou-les-causes-par-modiane-sene_877712.html","2019-03-26T07:00:00.000Z","https://news.google.com/rss/articles/CBMia2h0dHBzOi8vc2VuZWdvLmNvbS9pbmNlbmRpZS1kYW5zLWxlcy1tYXJjaGVzLWF1LXNlbmVnYWwtbGEtY2F1c2Utb3UtbGVzLWNhdXNlcy1wYXItbW9kaWFuZS1zZW5lXzg3NzcxMi5odG1s0gEA?oc=5","Senego.com","Incendie dans les marchés au Sénégal : La cause ou les causes ? (Par Modiane SENE*)"
"https://www.gabonreview.com/wp-content/uploads/2023/09/a-7.jpg","https://www.gabonreview.com/incendie-du-marche-mont-bouet-2-millions-de-fcfa-pour-chaque-commercant-senegalais-victime/","2023-09-25T07:00:00.000Z","https://news.google.com/rss/articles/CBMid2h0dHBzOi8vd3d3LmdhYm9ucmV2aWV3LmNvbS9pbmNlbmRpZS1kdS1tYXJjaGUtbW9udC1ib3VldC0yLW1pbGxpb25zLWRlLWZjZmEtcG91ci1jaGFxdWUtY29tbWVyY2FudC1zZW5lZ2FsYWlzLXZpY3RpbWUv0gEA?oc=5","gabonreview.com","Incendie du marché Mont-Bouët : 2 millions de FCFA pour chaque commerçant sénégalais victime"
"https://afrique.le360.ma/resizer/knayjTrBKW6_OkLInXu0hJWwPAQ=/1200x630/cloudfront-eu-central-1.images.arcpublishing.com/le360/FIKGUSLXZFBAJAJEDIPSNZHOYA.jpg","https://afrique.le360.ma/senegal/societe/2020/10/04/32089-videos-senegal-un-violent-incendie-ravage-un-marche-historique-de-dakar-32089/","2020-10-04T07:00:00.000Z","https://news.google.com/rss/articles/CBMiiAFodHRwczovL2FmcmlxdWUubGUzNjAubWEvc2VuZWdhbC9zb2NpZXRlLzIwMjAvMTAvMDQvMzIwODktdmlkZW9zLXNlbmVnYWwtdW4tdmlvbGVudC1pbmNlbmRpZS1yYXZhZ2UtdW4tbWFyY2hlLWhpc3RvcmlxdWUtZGUtZGFrYXItMzIwODkv0gEA?oc=5","Le360 - Afrique","Vidéos. Sénégal: un violent incendie ravage un marché historique de Dakar"
"https://senegal7.com/wp-content/uploads/2023/08/dfd21736-c316-4ef0-9bb5-8e020921991d.jpg","https://senegal7.com/incendie-du-marche-central-de-tambacounda-les-degats-materiels-evalues-a-650-millions-fcfa/","2023-08-21T07:00:00.000Z","https://news.google.com/rss/articles/CBMicGh0dHBzOi8vc2VuZWdhbDcuY29tL2luY2VuZGllLWR1LW1hcmNoZS1jZW50cmFsLWRlLXRhbWJhY291bmRhLWxlcy1kZWdhdHMtbWF0ZXJpZWxzLWV2YWx1ZXMtYS02NTAtbWlsbGlvbnMtZmNmYS_SAQA?oc=5","Senegal7","Incendie du marché central de Tambacounda : les dégâts matériels évalués à 650 millions FCFA"
"https://www.senxibar.com/photo/art/grande/9461463-15175002.jpg?v=1462971232","https://www.senxibar.com/Incendie-au-marche-Mont-Bouet-Gabon-Des-Senegalais-ont-perdu-beaucoup-de-marchandises_a35632.html","2016-05-11T07:00:00.000Z","https://news.google.com/rss/articles/CBMiemh0dHBzOi8vd3d3LnNlbnhpYmFyLmNvbS9JbmNlbmRpZS1hdS1tYXJjaGUtTW9udC1Cb3VldC1HYWJvbi1EZXMtU2VuZWdhbGFpcy1vbnQtcGVyZHUtYmVhdWNvdXAtZGUtbWFyY2hhbmRpc2VzX2EzNTYzMi5odG1s0gEA?oc=5","SenXibaar","Incendie au marché Mont-Bouët( Gabon): Des Sénégalais ont perdu beaucoup de marchandises"
"https://i0.wp.com/kewoulo.info/wp-content/uploads/2020/08/capture-decran-2020-08-20-a-17.34.40.png?fit=656%2C473&ssl=1","https://kewoulo.info/kaolack-les-commercants-du-marche-central-et-industriels-du-senegal/","2020-08-20T07:00:00.000Z","https://news.google.com/rss/articles/CBMiWWh0dHBzOi8va2V3b3Vsby5pbmZvL2thb2xhY2stbGVzLWNvbW1lcmNhbnRzLWR1LW1hcmNoZS1jZW50cmFsLWV0LWluZHVzdHJpZWxzLWR1LXNlbmVnYWwv0gEA?oc=5","Kewoulo est le premier journal d’investigation de l’Afrique de l’Ouest. ","Kaolack : Les commerçants du marché central et industriels du Sénégal exigent que les responsabilités soient situées."
"https://www.dakaractu.com/photo/art/grande/70436406-49126451.jpg?v=1674948113","https://www.dakaractu.com/Derriere-minute-TOUBA-Feu-au-marche-Ocass-Des-cantines-devastees-malgre-la-promptitude-des-sapeurs-pompiers_a229288.html","2023-01-29T08:00:00.000Z","https://news.google.com/rss/articles/CBMikgFodHRwczovL3d3dy5kYWthcmFjdHUuY29tL0RlcnJpZXJlLW1pbnV0ZS1UT1VCQS1GZXUtYXUtbWFyY2hlLU9jYXNzLURlcy1jYW50aW5lcy1kZXZhc3RlZXMtbWFsZ3JlLWxhLXByb21wdGl0dWRlLWRlcy1zYXBldXJzLXBvbXBpZXJzX2EyMjkyODguaHRtbNIBAA?oc=5","DakarActu","( Derrière minute) - TOUBA - Feu au marché Ocass… Des cantines dévastées malgré la promptitude des sapeurs ..."
"https://www.dakaractu.com/photo/art/grande/49164010-38331234.jpg?v=1597941727","https://www.dakaractu.com/Incendie-au-marche-central-de-Kaolack-Les-commercants-et-industriels-du-Senegal-exigent-que-les-responsabilites-soient_a192329.html","2020-08-20T07:00:00.000Z","https://news.google.com/rss/articles/CBMinQFodHRwczovL3d3dy5kYWthcmFjdHUuY29tL0luY2VuZGllLWF1LW1hcmNoZS1jZW50cmFsLWRlLUthb2xhY2stTGVzLWNvbW1lcmNhbnRzLWV0LWluZHVzdHJpZWxzLWR1LVNlbmVnYWwtZXhpZ2VudC1xdWUtbGVzLXJlc3BvbnNhYmlsaXRlcy1zb2llbnRfYTE5MjMyOS5odG1s0gEA?oc=5","DakarActu","Incendie au marché central de Kaolack : Les commerçants et industriels du Sénégal exigent que les responsabilités ..."
"https://actusen.sn/actusen_uploads/2021/11/incendie-marche-kaolack-678x381-1.jpg","https://actusen.sn/incendie-au-marche-de-boucotte-de-ziguinchor-les-degats-materiels-et-financiers-evalues-a-15-milliard-de-f-cfa/","2023-12-06T08:00:00.000Z","https://news.google.com/rss/articles/CBMiggFodHRwczovL2FjdHVzZW4uc24vaW5jZW5kaWUtYXUtbWFyY2hlLWRlLWJvdWNvdHRlLWRlLXppZ3VpbmNob3ItbGVzLWRlZ2F0cy1tYXRlcmllbHMtZXQtZmluYW5jaWVycy1ldmFsdWVzLWEtMTUtbWlsbGlhcmQtZGUtZi1jZmEv0gEA?oc=5","actusen.sn","Incendie au marché de Boucotte de Ziguinchor : les dégâts matériels et financiers évalués à 1,5 milliard de F Cfa ..."
"https://laviesenegalaise.com/wp-content/uploads/2020/08/incendie-marche-kaolack.jpg","https://laviesenegalaise.com/incendie-au-marche-de-kaolack-cause-degats-et-difficultes-des-sapeurs-pompiers/","2020-08-16T07:00:00.000Z","https://news.google.com/rss/articles/CBMibGh0dHBzOi8vbGF2aWVzZW5lZ2FsYWlzZS5jb20vaW5jZW5kaWUtYXUtbWFyY2hlLWRlLWthb2xhY2stY2F1c2UtZGVnYXRzLWV0LWRpZmZpY3VsdGVzLWRlcy1zYXBldXJzLXBvbXBpZXJzL9IBAA?oc=5","La Vie Senegalaise","Incendie au marché de Kaolack : cause, dégâts et difficultés des Sapeurs-pompiers"
"https://laviesenegalaise.com/wp-content/uploads/2023/12/Incendie-au-marche-Saint-Maur-Des-Fosses-de-Boucotte-a-Ziguinchor-2.jpg","https://laviesenegalaise.com/des-pertes-enormes-apres-lincendie-au-marche-boucotte-a-ziguinchor/","2023-12-07T08:00:00.000Z","https://news.google.com/rss/articles/CBMiYGh0dHBzOi8vbGF2aWVzZW5lZ2FsYWlzZS5jb20vZGVzLXBlcnRlcy1lbm9ybWVzLWFwcmVzLWxpbmNlbmRpZS1hdS1tYXJjaGUtYm91Y290dGUtYS16aWd1aW5jaG9yL9IBAA?oc=5","La Vie Senegalaise","Des pertes énormes après l'incendie au marché Boucotte à Ziguinchor"
"https://laviesenegalaise.com/wp-content/uploads/2022/03/Incendie-au-marche-Salle-de-vente-a-DAKAR.jpg","https://laviesenegalaise.com/centre-ville-de-dakar-un-violent-incendie-ravage-le-marche-dit-salle-de-vente/","2022-03-08T08:00:00.000Z","https://news.google.com/rss/articles/CBMia2h0dHBzOi8vbGF2aWVzZW5lZ2FsYWlzZS5jb20vY2VudHJlLXZpbGxlLWRlLWRha2FyLXVuLXZpb2xlbnQtaW5jZW5kaWUtcmF2YWdlLWxlLW1hcmNoZS1kaXQtc2FsbGUtZGUtdmVudGUv0gEA?oc=5","La Vie Senegalaise","Centre-ville de Dakar : Un violent incendie ravage le marché dit ""Salle de vente"""
"https://www.agoravox.fr/local/cache-gd2/b3f2ade19ab4be7b0cf62e7245f20982.png","https://www.agoravox.fr/actualites/international/article/incendie-au-marche-central-de-131282","2013-02-25T08:00:00.000Z","https://news.google.com/rss/articles/CBMiXWh0dHBzOi8vd3d3LmFnb3Jhdm94LmZyL2FjdHVhbGl0ZXMvaW50ZXJuYXRpb25hbC9hcnRpY2xlL2luY2VuZGllLWF1LW1hcmNoZS1jZW50cmFsLWRlLTEzMTI4MtIBXWh0dHBzOi8vYW1wLmFnb3Jhdm94LmZyL2FjdHVhbGl0ZXMvaW50ZXJuYXRpb25hbC9hcnRpY2xlL2luY2VuZGllLWF1LW1hcmNoZS1jZW50cmFsLWRlLTEzMTI4Mg?oc=5","AgoraVox","Incendie au marché central de Bujumbura : des Sénégalais dans la désolation"
"https://www.dakarmidi.net/wp-content/uploads/2021/03/incendie-marche-ocass-de-touba-696x418-1.jpg","https://www.dakarmidi.net/actualite/incendie-au-marche-de-tivaouane-peulh-pres-de-30-cantines-devastees/","2024-03-16T07:00:00.000Z","https://news.google.com/rss/articles/CBMiaGh0dHBzOi8vd3d3LmRha2FybWlkaS5uZXQvYWN0dWFsaXRlL2luY2VuZGllLWF1LW1hcmNoZS1kZS10aXZhb3VhbmUtcGV1bGgtcHJlcy1kZS0zMC1jYW50aW5lcy1kZXZhc3RlZXMv0gEA?oc=5","Dakar Midi","Incendie au marché de Tivaouane Peulh : près de 30 cantines dévastées"
"https://www.dakarmidi.net/wp-content/uploads/2023/07/incendie-marche-zinc-pikine-abdou-karim-fofana-scaled.jpg","https://www.dakarmidi.net/actualite/incendie-au-marche-zinc-de-pikine-abdou-karim-fofana-au-chevet-des-victimes/","2023-07-11T07:00:00.000Z","https://news.google.com/rss/articles/CBMicGh0dHBzOi8vd3d3LmRha2FybWlkaS5uZXQvYWN0dWFsaXRlL2luY2VuZGllLWF1LW1hcmNoZS16aW5jLWRlLXBpa2luZS1hYmRvdS1rYXJpbS1mb2ZhbmEtYXUtY2hldmV0LWRlcy12aWN0aW1lcy_SAQA?oc=5","Dakar Midi","Incendie au marché Zinc de Pikine : Abdou Karim Fofana au chevet des victimes"
"https://i0.wp.com/www.xibaaru.sn/wp-content/uploads/2022/04/Aminata-Toure-Mimi.jpg","https://www.xibaaru.sn/incendie-marche-ocass-la-proposition-de-mimi-toure/","2023-01-29T08:00:00.000Z","https://news.google.com/rss/articles/CBMiSmh0dHBzOi8vd3d3LnhpYmFhcnUuc24vaW5jZW5kaWUtbWFyY2hlLW9jYXNzLWxhLXByb3Bvc2l0aW9uLWRlLW1pbWktdG91cmUv0gEA?oc=5","xibaaru.sn","Incendie marché Ocass : La proposition de Mimi Touré"
"https://laviesenegalaise.com/wp-content/uploads/2023/12/Un-violent-incendie-au-marche-de-Boucotte-a-Ziguinchor.jpg","https://laviesenegalaise.com/un-violent-incendie-au-marche-de-boucotte-a-ziguinchor/","2023-12-05T08:00:00.000Z","https://news.google.com/rss/articles/CBMiVGh0dHBzOi8vbGF2aWVzZW5lZ2FsYWlzZS5jb20vdW4tdmlvbGVudC1pbmNlbmRpZS1hdS1tYXJjaGUtZGUtYm91Y290dGUtYS16aWd1aW5jaG9yL9IBAA?oc=5","La Vie Senegalaise","Un violent incendie au marché de Boucotte à Ziguinchor"
"https://laviesenegalaise.com/wp-content/uploads/2023/01/incendie-marche-Ocass-Touba-au-Senegal.jpg","https://laviesenegalaise.com/ce-que-lon-sait-de-lincendie-au-marche-ocass/","2023-01-29T08:00:00.000Z","https://news.google.com/rss/articles/CBMiSmh0dHBzOi8vbGF2aWVzZW5lZ2FsYWlzZS5jb20vY2UtcXVlLWxvbi1zYWl0LWRlLWxpbmNlbmRpZS1hdS1tYXJjaGUtb2Nhc3Mv0gEA?oc=5","La Vie Senegalaise","Ce que l'on sait de l'incendie au marché Ocass"
"https://lequotidien.sn/wp-content/uploads/2023/12/incendie-a-ziguinchor.jpg","https://lequotidien.sn/braquage-et-incendie-journee-de-feu-a-ziguinchor/","2023-12-06T08:00:00.000Z","https://news.google.com/rss/articles/CBMiSGh0dHBzOi8vbGVxdW90aWRpZW4uc24vYnJhcXVhZ2UtZXQtaW5jZW5kaWUtam91cm5lZS1kZS1mZXUtYS16aWd1aW5jaG9yL9IBAA?oc=5","Le Quotidien","Braquage et incendie : Journée de feu à Ziguinchor - Lequotidien - Journal d'information Générale"
,"https://news.google.com/rss/articles/CBMiZGh0dHBzOi8vbGVxdW90aWRpZW4uc24vaW5jZW5kaWUtcmVjb25zdHJ1Y3Rpb24tZHUtbWFyY2hlLWRlLWthb2xhY2stbWFuc291ci1mYXllLXByb21ldC01LW1pbGxpYXJkcy_SAQA?oc=5","2020-08-25T07:00:00.000Z","https://news.google.com/rss/articles/CBMiZGh0dHBzOi8vbGVxdW90aWRpZW4uc24vaW5jZW5kaWUtcmVjb25zdHJ1Y3Rpb24tZHUtbWFyY2hlLWRlLWthb2xhY2stbWFuc291ci1mYXllLXByb21ldC01LW1pbGxpYXJkcy_SAQA?oc=5","Le Quotidien","INCENDIE - Reconstruction du marché de Kaolack : Mansour Faye promet 5 milliards - Lequotidien - Journal d ..."
